player,team,pos,gp,min,pts,reb,ast,stl,blk,tpm,tov,fga,fta,fg,ft,adp
Nikola Jokić,DEN,C,70,35.0,29.6,12.74,10.2,1.81,0.64,1.97,3.29,19.49,6.44,0.0,0.0,1.0
Giannis Antetokounmpo,MIL,C/PF,70,35.0,30.4,11.91,6.5,0.87,1.16,0.21,3.07,19.69,10.55,0.0,0.0,2.0
Shai Gilgeous-Alexander,OKC,PG,70,35.0,32.7,4.99,6.4,1.72,1.01,2.14,2.41,21.79,8.8,0.0,0.0,3.0
Luka Dončić,LAL,PG,70,35.0,28.15,8.2,7.65,1.81,0.42,3.53,3.56,20.57,7.77,0.0,0.0,4.0
Victor Wembanyama,SAS,C,70,35.0,24.3,11.0,3.7,1.13,3.83,3.09,3.24,18.63,4.11,0.0,0.0,5.0
Jayson Tatum,BOS,PF/SF,70,35.0,26.8,8.65,6.0,1.06,0.53,3.47,2.9,20.35,6.11,0.0,0.0,6.0
Cade Cunningham,DET,PG/SG,70,35.0,26.1,6.07,9.1,1.01,0.76,2.13,4.41,20.81,5.29,0.0,0.0,7.0
Anthony Davis,DAL,C/PF,70,33.0,22.85,11.0,3.9,0.93,2.18,0.73,2.21,17.47,6.48,0.0,0.0,8.0
Karl-Anthony Towns,NYK,C/PF,70,35.0,24.4,12.78,3.1,0.99,0.69,1.97,2.67,16.88,5.68,0.0,0.0,9.0
LeBron James,LAL,C/PF/SF,70,35.0,24.4,7.8,8.2,1.0,0.56,2.13,3.71,18.14,4.73,0.0,0.0,10.0
Anthony Edwards,MIN,PG/SG,70,35.0,27.6,5.7,4.5,1.15,0.65,4.05,3.15,20.41,6.28,0.0,0.0,11.0
Trae Young,ATL,PG,70,35.0,24.2,3.11,11.6,1.2,0.16,2.87,4.67,18.11,7.38,0.0,0.0,12.0
James Harden,LAC,PG/SG,70,33.0,22.8,5.77,8.7,1.49,0.7,2.97,4.32,16.39,7.32,0.0,0.0,13.0
Tyrese Maxey,PHI,PG,70,35.0,26.3,3.35,6.1,1.75,0.4,3.1,2.38,20.98,5.56,0.0,0.0,14.0
LaMelo Ball,CHA,PG,70,35.0,25.2,4.94,7.4,1.15,0.28,3.81,3.55,21.34,4.87,0.0,0.0,15.0
Kevin Durant,HOU,PF/SF,70,35.0,26.6,6.03,4.2,0.81,1.24,2.58,3.06,18.13,5.82,0.0,0.0,16.0
Paolo Banchero,ORL,PF,70,35.0,25.9,7.5,4.8,0.78,0.61,1.89,2.96,19.8,8.37,0.0,0.0,17.0
Domantas Sabonis,SAC,C,70,33.0,19.1,13.89,6.0,0.69,0.37,0.93,2.89,12.76,4.13,0.0,0.0,18.0
Damian Lillard,POR,PG,70,35.0,24.9,4.69,7.1,1.21,0.17,3.4,2.79,17.1,6.78,0.0,0.0,19.0
Zion Williamson,NOP,PF/SF,70,35.0,24.6,7.2,5.3,1.23,0.9,0.1,3.0,16.93,8.03,0.0,0.0,20.0
Devin Booker,PHX,PG/SG,70,35.0,25.6,4.07,7.1,0.89,0.21,2.44,2.93,18.93,6.44,0.0,0.0,21.0
Stephen Curry,GSW,PG,70,35.0,24.5,4.43,6.0,1.14,0.43,4.44,2.86,17.97,4.27,0.0,0.0,22.0
Jalen Brunson,NYK,PG,70,35.0,26.0,2.88,7.3,0.92,0.12,2.34,2.52,18.46,6.89,0.0,0.0,23.0
Joel Embiid,PHI,C,70,33.0,23.8,8.16,4.5,0.74,0.95,1.21,3.26,16.58,8.89,0.0,0.0,24.0
Kyrie Irving,DAL,PG/SG,70,35.0,24.7,4.8,4.6,1.32,0.46,2.88,2.22,18.9,4.28,0.0,0.0,25.0
Jalen Johnson,ATL,PF,70,33.0,18.9,9.97,5.0,1.56,1.0,1.22,2.94,15.06,3.5,0.0,0.0,26.0
Franz Wagner,ORL,PF/SF/SG,70,35.0,24.2,5.7,4.7,1.25,0.35,1.73,2.3,19.35,5.18,0.0,0.0,27.0
Tyrese Haliburton,IND,PG/SG,70,33.0,18.6,3.53,9.2,1.44,0.67,2.99,1.64,13.78,3.04,0.0,0.0,28.0
Donovan Mitchell,CLE,PG/SG,70,35.0,24.0,4.54,5.0,1.34,0.24,3.28,2.1,18.59,5.1,0.0,0.0,29.0
Tyler Herro,MIA,PG/SG,70,33.0,23.9,5.18,5.5,0.9,0.22,3.26,2.57,17.9,4.25,0.0,0.0,30.0
Alperen Sengun,HOU,C/PF,70,33.0,19.1,10.34,4.9,1.11,0.8,0.28,2.55,15.04,5.63,0.0,0.0,31.0
De'Aaron Fox,SAS,PG,70,33.0,22.35,4.64,6.45,1.47,0.36,1.79,2.69,18.05,4.86,0.0,0.0,32.0
Scottie Barnes,TOR,PF/SF,70,33.0,19.3,7.72,5.8,1.43,0.97,1.17,2.85,16.35,4.65,0.0,0.0,33.0
Jalen Williams,OKC,PF/SF/SG,70,33.0,21.6,5.35,5.1,1.61,0.67,1.8,2.17,16.93,4.33,0.0,0.0,34.0
Ja Morant,MEM,PG,70,33.0,23.2,4.1,7.3,1.22,0.24,1.76,3.7,17.78,6.38,0.0,0.0,35.0
Jamal Murray,DEN,PG/SG,70,33.0,21.4,3.9,6.0,1.36,0.49,2.33,2.06,16.73,3.67,0.0,0.0,36.0
Bam Adebayo,MIA,C/PF,70,33.0,18.1,9.6,4.3,1.26,0.68,1.01,2.06,14.27,4.21,0.0,0.0,37.0
Nikola Vučević,CHI,C,70,33.0,18.5,10.07,3.5,0.84,0.71,1.77,1.63,14.22,2.04,0.0,0.0,38.0
Dejounte Murray,NOP,PG/SG,70,30.0,17.5,6.45,7.4,2.03,0.39,1.68,3.42,15.94,4.0,0.0,0.0,39.0
Evan Mobley,CLE,C/PF,70,33.0,18.5,9.28,3.2,0.86,1.59,1.2,2.04,12.76,4.3,0.0,0.0,40.0
Ivica Zubac,LAC,C,70,30.0,16.8,12.63,2.7,0.69,1.13,0.0,1.59,11.78,2.95,0.0,0.0,41.0
Jaylen Brown,BOS,SF/SG,70,33.0,22.2,5.84,4.5,1.16,0.3,1.84,2.57,17.75,5.11,0.0,0.0,42.0
Jaren Jackson,MEM,C/PF,70,33.0,22.2,5.64,2.0,1.24,1.53,1.97,2.07,16.39,5.38,0.0,0.0,43.0
Kawhi Leonard,LAC,PF/SF,70,33.0,21.5,5.92,3.1,1.59,0.46,2.11,1.95,16.84,3.27,0.0,0.0,44.0
Miles Bridges,CHA,PF/SF,70,33.0,20.3,7.52,3.9,0.69,0.7,2.2,2.13,17.02,3.97,0.0,0.0,45.0
RJ Barrett,TOR,PF/SF/SG,70,33.0,21.1,6.31,5.4,0.79,0.29,1.84,2.84,16.93,5.36,0.0,0.0,46.0
Trey Murphy,NOP,PF/SF/SG,70,33.0,21.2,5.06,3.5,1.06,0.74,2.98,1.94,15.83,4.34,0.0,0.0,47.0
Desmond Bane,ORL,SF/SG,70,33.0,19.2,6.06,5.3,1.16,0.41,2.38,2.45,14.75,2.87,0.0,0.0,48.0
Pascal Siakam,IND,C/PF,70,33.0,20.2,6.92,3.4,0.9,0.54,1.62,1.4,15.15,3.95,0.0,0.0,49.0
Austin Reaves,LAL,PG/SF/SG,70,33.0,20.2,4.51,5.8,1.11,0.3,2.74,2.42,14.21,5.01,0.0,0.0,50.0
Kristaps Porziņģis,ATL,C/PF,70,33.0,19.5,6.76,2.1,0.74,1.5,2.45,1.26,13.67,4.74,0.0,0.0,51.0
Darius Garland,CLE,PG,70,33.0,20.6,2.85,6.7,1.21,0.15,2.83,2.52,15.65,3.4,0.0,0.0,52.0
DeMar DeRozan,SAC,PF/SF/SG,70,33.0,22.2,3.87,4.4,0.81,0.42,1.09,1.36,16.99,5.73,0.0,0.0,53.0
Zach LaVine,SAC,PG/SG,70,33.0,23.2,4.17,4.15,0.76,0.15,3.23,2.8,16.46,3.78,0.0,0.0,54.0
Brandon Miller,CHA,PF/SF,70,33.0,21.0,4.85,3.6,1.07,0.74,3.85,2.81,18.19,2.93,0.0,0.0,55.0
Josh Giddey,CHI,PG,70,30.0,14.6,8.09,7.2,1.2,0.64,1.5,2.89,11.4,3.2,0.0,0.0,56.0
Josh Hart,NYK,SF/SG,70,30.0,13.6,9.57,5.9,1.55,0.35,1.09,2.05,10.0,2.66,0.0,0.0,57.0
Cam Thomas,BKN,PG/SF/SG,70,35.0,24.0,3.32,3.8,0.6,0.08,2.72,2.48,18.16,6.04,0.0,0.0,58.0
CJ McCollum,WAS,PG/SG,70,33.0,21.1,3.79,4.1,0.82,0.43,3.05,1.89,17.86,3.09,0.0,0.0,59.0
John Collins,LAC,C/PF,70,33.0,19.0,8.18,2.0,0.98,1.0,1.48,2.58,13.28,4.1,0.0,0.0,60.0
Jimmy Butler,GSW,PF/SF,70,30.0,17.45,5.37,5.35,1.38,0.34,0.57,1.33,10.82,7.07,0.0,0.0,61.0
Dyson Daniels,ATL,PG/SG,70,30.0,14.1,5.91,4.4,3.01,0.72,1.05,2.04,12.14,1.84,0.0,0.0,62.0
Julius Randle,MIN,C/PF,70,33.0,18.7,7.06,4.7,0.68,0.23,1.57,2.84,13.61,4.86,0.0,0.0,63.0
Jalen Green,PHX,SF/SG,70,33.0,21.0,4.6,3.4,0.87,0.33,2.85,2.48,17.52,4.1,0.0,0.0,64.0
Jordan Poole,NOP,PG/SG,70,33.0,20.5,2.99,4.5,1.26,0.4,3.46,3.0,15.54,4.03,0.0,0.0,65.0
Coby White,CHI,PG/SG,70,33.0,20.4,3.69,4.5,0.93,0.22,2.92,2.39,15.15,4.15,0.0,0.0,66.0
Derrick White,BOS,PG/SG,70,30.0,16.4,4.49,4.8,0.95,1.05,3.49,1.72,12.62,2.12,0.0,0.0,67.0
Amen Thompson,HOU,PG/SF/SG,70,30.0,14.1,8.17,3.8,1.41,1.29,0.36,2.0,10.1,3.58,0.0,0.0,68.0
Jakob Poeltl,TOR,C,70,30.0,14.5,9.6,2.8,1.16,1.25,0.02,1.95,10.16,2.53,0.0,0.0,69.0
Chet Holmgren,OKC,C/PF,70,30.0,15.0,8.03,2.0,0.72,2.22,1.38,1.75,10.66,4.19,0.0,0.0,70.0
OG Anunoby,NYK,PF,70,33.0,18.0,4.84,2.2,1.49,0.88,2.31,1.38,13.88,3.05,0.0,0.0,71.0
Deni Avdija,POR,PF/SF,70,30.0,16.9,7.25,3.9,0.99,0.49,1.74,2.72,11.72,5.17,0.0,0.0,72.0
Norman Powell,MIA,SF/SG,70,33.0,21.8,3.17,2.1,1.22,0.15,2.98,1.8,15.75,4.42,0.0,0.0,73.0
Paul George,PHI,SF/SG,70,30.0,16.2,5.34,4.3,1.83,0.49,2.34,2.59,13.9,2.37,0.0,0.0,74.0
Michael Porter,BKN,PF/SF,70,33.0,18.2,7.01,2.1,0.65,0.49,2.51,1.35,13.61,2.52,0.0,0.0,75.0
Walker Kessler,UTA,C,70,26.0,11.1,12.19,1.7,0.62,2.38,0.1,1.48,7.22,2.62,0.0,0.0,76.0
Cameron Johnson,DEN,PF/SF,70,33.0,18.8,4.33,3.4,0.93,0.44,2.79,1.74,13.11,3.95,0.0,0.0,77.0
Malik Monk,SAC,SF/SG,70,30.0,17.2,3.77,5.6,0.94,0.58,2.14,2.45,14.45,2.74,0.0,0.0,78.0
Andrew Wiggins,MIA,SF/SG,70,33.0,18.3,4.41,2.85,1.05,0.89,2.16,1.92,14.21,4.38,0.0,0.0,79.0
Anfernee Simons,BOS,PG/SG,70,33.0,19.3,2.7,4.8,0.86,0.07,3.07,2.04,16.07,2.77,0.0,0.0,80.0
Lauri Markkanen,UTA,PF/SF,70,33.0,19.0,5.91,1.5,0.7,0.36,2.94,1.4,14.89,3.94,0.0,0.0,81.0
Myles Turner,MIL,C/PF,70,30.0,15.6,6.54,1.5,0.75,2.0,2.17,1.71,11.26,3.31,0.0,0.0,82.0
Immanuel Quickley,TOR,PG/SG,70,30.0,17.1,3.55,5.8,0.7,0.12,2.58,1.76,13.27,3.88,0.0,0.0,83.0
Isaiah Hartenstein,OKC,C,70,26.0,11.2,10.72,3.8,0.82,1.09,0.0,1.68,8.42,2.05,0.0,0.0,84.0
Fred VanVleet,HOU,PG,70,30.0,14.1,3.68,5.6,1.57,0.42,2.65,1.45,12.65,2.28,0.0,0.0,85.0
Deandre Ayton,LAL,C,70,30.0,14.4,10.15,1.6,0.78,0.98,0.15,1.73,11.7,1.5,0.0,0.0,86.0
P.J. Washington,DAL,C/PF,70,30.0,14.7,7.75,2.3,1.11,1.05,1.6,2.07,11.67,3.47,0.0,0.0,87.0
Rudy Gobert,MIN,C,70,30.0,12.0,10.9,1.8,0.78,1.44,0.0,1.24,7.08,3.79,0.0,0.0,88.0
Jarrett Allen,CLE,C,70,30.0,13.5,9.73,1.9,0.94,0.89,0.0,1.18,7.8,3.38,0.0,0.0,89.0
Onyeka Okongwu,ATL,C,70,30.0,13.4,8.92,2.3,0.93,0.92,0.65,1.22,9.24,2.92,0.0,0.0,90.0
Jalen Suggs,ORL,PG/SG,70,30.0,16.2,4.03,3.7,1.46,0.94,2.17,2.91,13.74,3.14,0.0,0.0,91.0
Keyonte George,UTA,PG/SG,70,30.0,16.8,3.78,5.6,0.69,0.13,2.6,2.73,13.72,4.25,0.0,0.0,92.0
Shaedon Sharpe,POR,PG/SG,70,33.0,18.5,4.5,2.8,0.86,0.22,2.04,2.08,15.33,3.36,0.0,0.0,93.0
Mikal Bridges,NYK,PF/SF,70,30.0,17.6,3.16,3.7,0.91,0.52,2.0,1.61,14.43,1.44,0.0,0.0,94.0
Jalen Duren,DET,C,70,26.0,11.8,10.35,2.7,0.69,1.14,0.0,1.74,7.0,3.1,0.0,0.0,95.0
Devin Vassell,SAS,SF/SG,70,30.0,16.3,3.98,2.9,1.31,0.52,2.47,1.38,13.89,1.88,0.0,0.0,96.0
Jaden Ivey,DET,PG/SG,70,30.0,17.6,4.13,4.0,0.93,0.37,2.1,2.97,13.77,3.87,0.0,0.0,97.0
Bradley Beal,LAC,SF/SG,70,30.0,17.0,3.34,3.7,1.09,0.53,1.92,1.87,13.09,2.58,0.0,0.0,98.0
Bobby Portis,MIL,C/PF,70,30.0,13.9,8.39,2.1,0.71,0.53,1.33,1.16,12.14,1.49,0.0,0.0,99.0
Russell Westbrook,SAC,PG,70,30.0,13.3,4.93,6.1,1.41,0.49,1.25,3.23,11.08,3.11,0.0,0.0,100.0
Kelly Oubre,PHI,PF/SF,70,30.0,15.1,6.13,1.8,1.53,0.5,1.18,1.33,12.35,3.08,0.0,0.0,101.0
Quentin Grimes,PHI,PG/SG,70,30.0,16.05,4.5,3.3,1.09,0.32,2.31,2.08,12.06,3.23,0.0,0.0,102.0
Christian Braun,DEN,SF/SG,70,30.0,15.4,5.19,2.6,1.08,0.47,1.13,1.03,10.39,2.71,0.0,0.0,103.0
Collin Sexton,CHA,PG/SF/SG,70,33.0,18.4,2.71,4.2,0.75,0.1,1.75,2.54,13.76,3.98,0.0,0.0,104.0
Naz Reid,MIN,C/PF,70,30.0,14.2,6.0,2.3,0.73,0.9,2.19,1.35,11.54,1.79,0.0,0.0,105.0
Alex Sarr,WAS,C,70,30.0,13.0,6.49,2.4,0.66,1.51,1.57,1.7,12.36,2.46,0.0,0.0,106.0
Tobias Harris,DET,PF,70,30.0,13.7,5.92,2.2,1.01,0.78,1.25,1.16,11.03,2.27,0.0,0.0,107.0
Payton Pritchard,BOS,PG,70,30.0,14.3,3.84,3.5,0.88,0.18,3.19,1.04,10.83,1.05,0.0,0.0,108.0
Brook Lopez,LAC,C,70,30.0,13.0,5.01,1.8,0.63,1.85,1.74,1.05,9.68,1.73,0.0,0.0,109.0
Draymond Green,GSW,C/PF,70,26.0,9.0,6.09,5.6,1.46,1.03,1.18,2.56,7.49,2.16,0.0,0.0,110.0
Jordan Clarkson,NYK,PG/SG,70,30.0,16.2,3.19,3.7,0.84,0.24,2.27,2.32,13.32,3.86,0.0,0.0,111.0
Tari Eason,HOU,PF/SF,70,30.0,12.0,6.35,1.5,1.7,0.88,1.11,1.14,9.81,1.82,0.0,0.0,112.0
Santi Aldama,MEM,C/PF,70,30.0,12.5,6.4,2.9,0.8,0.45,1.85,1.09,9.97,1.45,0.0,0.0,113.0
Bennedict Mathurin,IND,SF/SG,70,30.0,16.1,5.32,1.9,0.65,0.33,1.36,1.88,11.85,4.61,0.0,0.0,114.0
Keegan Murray,SAC,PF/SF,70,30.0,12.4,6.67,1.4,0.8,0.91,2.03,0.79,10.79,0.95,0.0,0.0,115.0
De'Andre Hunter,CLE,PF/SF,70,30.0,16.65,4.05,1.4,0.77,0.22,2.42,1.22,11.65,3.83,0.0,0.0,116.0
Jaden McDaniels,MIN,PF/SF,70,30.0,12.2,5.73,2.0,1.34,0.9,1.22,1.16,10.17,1.56,0.0,0.0,117.0
Aaron Gordon,DEN,C/PF,70,30.0,14.7,4.84,3.2,0.45,0.27,1.47,1.43,9.75,3.51,0.0,0.0,118.0
Jonathan Kuminga,GSW,PF/SF,70,30.0,15.3,4.62,2.2,0.81,0.45,0.98,1.51,12.09,5.0,0.0,0.0,119.0
Stephon Castle,SAS,PG/SG,70,30.0,14.7,3.67,4.1,0.91,0.27,1.17,2.19,12.2,4.25,0.0,0.0,120.0
Daniel Gafford,DAL,C,70,30.0,12.3,6.81,1.4,0.4,1.79,0.0,1.16,7.07,3.44,0.0,0.0,121.0
Jerami Grant,POR,PF,70,30.0,14.4,3.47,2.1,0.87,0.98,2.3,1.38,12.21,3.53,0.0,0.0,122.0
Bilal Coulibaly,WAS,PF/SF,70,30.0,12.3,4.98,3.4,1.32,0.69,1.07,2.12,10.58,3.14,0.0,0.0,123.0
Malik Beasley,,SF/SG,70,30.0,16.3,2.61,1.7,0.89,0.06,3.89,1.01,13.06,1.71,0.0,0.0,124.0
Nic Claxton,BKN,C/PF,70,26.0,10.3,7.36,2.2,0.89,1.43,0.07,1.24,8.11,2.2,0.0,0.0,125.0
Chris Paul,LAC,PG,70,26.0,8.8,3.61,7.4,1.26,0.27,1.71,1.57,7.11,1.12,0.0,0.0,126.0
Kyle Kuzma,MIL,PF/SF,70,30.0,14.85,5.7,2.35,0.55,0.29,1.48,2.25,13.07,3.1,0.0,0.0,127.0
Dennis Schröder,SAC,PG,70,30.0,13.27,2.64,5.43,0.9,0.16,1.73,1.94,11.18,2.86,0.0,0.0,128.0
D'Angelo Russell,DAL,PG,70,30.0,12.65,2.79,5.15,0.96,0.4,1.95,1.86,11.0,2.5,0.0,0.0,129.0
Toumani Camara,POR,PF/SF/SG,70,26.0,11.3,5.77,2.2,1.49,0.64,1.73,1.4,9.18,1.62,0.0,0.0,130.0
Brandin Podziemski,GSW,PG/SG,70,26.0,11.7,5.08,3.4,1.08,0.2,1.8,1.17,9.83,1.48,0.0,0.0,131.0
Ayo Dosunmu,CHI,PG/SF/SG,70,30.0,12.3,3.5,4.5,0.93,0.39,1.35,1.5,9.76,1.72,0.0,0.0,132.0
Naji Marshall,DAL,PF/SF/SG,70,30.0,13.2,4.75,3.0,1.01,0.16,0.87,1.62,10.32,2.32,0.0,0.0,133.0
Jrue Holiday,POR,PG/SG,70,26.0,11.1,4.27,3.9,1.06,0.44,1.74,1.24,9.24,1.24,0.0,0.0,134.0
Jabari Smith,HOU,C/PF,70,30.0,12.2,7.0,1.1,0.44,0.72,1.72,1.07,9.93,2.21,0.0,0.0,135.0
Donte DiVincenzo,MIN,PG/SF/SG,70,26.0,11.7,3.68,3.6,1.18,0.27,2.81,1.6,9.56,1.02,0.0,0.0,136.0
Scoot Henderson,POR,PG,70,30.0,12.7,3.0,5.1,1.03,0.2,1.59,2.68,10.38,3.12,0.0,0.0,137.0
Klay Thompson,DAL,PF/SF/SG,70,30.0,14.0,3.42,2.0,0.69,0.42,3.0,1.22,12.18,1.03,0.0,0.0,138.0
Caris LeVert,DET,SF/SG,70,30.0,12.55,3.25,3.3,0.9,0.52,1.68,1.15,9.71,2.48,0.0,0.0,139.0
Rui Hachimura,LAL,PF/SF,70,30.0,13.1,5.0,1.4,0.76,0.44,1.73,0.83,9.76,1.92,0.0,0.0,140.0
Dereck Lively,DAL,C,70,26.0,8.7,7.5,2.4,0.56,1.56,0.0,1.14,5.31,2.03,0.0,0.0,141.0
Jeremy Sochan,SAS,C/PF/SF,70,26.0,11.4,6.52,2.4,0.83,0.5,0.52,1.56,8.69,2.31,0.0,0.0,142.0
Dillon Brooks,PHX,PF/SF/SG,70,30.0,14.0,3.67,1.7,0.8,0.21,2.48,1.01,11.93,1.61,0.0,0.0,143.0
Drew Timme,,PF/SF,70,30.0,12.1,7.22,2.2,0.44,0.11,1.0,1.67,11.33,1.78,0.0,0.0,144.0
Gradey Dick,TOR,SF/SG,70,30.0,14.4,3.57,1.8,0.89,0.19,2.11,1.54,11.98,2.87,0.0,0.0,145.0
Malcolm Brogdon,,PG/SG,70,30.0,12.7,3.79,4.1,0.54,0.21,0.67,1.58,10.0,3.83,0.0,0.0,146.0
Jared McCain,PHI,PG/SG,70,30.0,15.3,2.43,2.6,0.65,0.0,2.22,1.61,11.91,2.43,0.0,0.0,147.0
Khris Middleton,WAS,PF/SF,70,26.0,11.65,3.71,3.9,1.02,0.21,1.23,1.49,9.09,2.35,0.0,0.0,148.0
Yves Missi,NOP,C,70,26.0,9.1,8.23,1.4,0.51,1.34,0.0,1.12,6.74,2.79,0.0,0.0,149.0
Herbert Jones,NOP,PF/SF,70,26.0,10.3,3.9,3.3,1.85,0.45,1.1,1.75,8.6,2.0,0.0,0.0,150.0
Ausar Thompson,DET,SF/SG,70,26.0,10.1,5.14,2.3,1.66,0.68,0.19,1.36,7.8,2.41,0.0,0.0,151.0
Tre Mann,CHA,PG/SG,70,30.0,14.1,2.92,3.0,0.54,0.31,1.85,1.92,12.38,1.62,0.0,0.0,152.0
Grant Williams,CHA,PF,70,26.0,10.4,5.13,2.3,1.13,0.81,1.69,1.75,7.69,2.31,0.0,0.0,153.0
Zach Edey,MEM,C,70,26.0,9.2,8.3,1.0,0.55,1.29,0.27,1.33,6.56,1.92,0.0,0.0,154.0
Clint Capela,HOU,C,70,26.0,8.9,8.53,1.1,0.62,0.96,0.0,0.85,7.09,1.76,0.0,0.0,155.0
Guerschon Yabusele,NYK,C/PF,70,26.0,11.0,5.64,2.1,0.83,0.34,1.49,1.24,8.04,1.97,0.0,0.0,156.0
Keldon Johnson,SAS,PF/SF,70,30.0,12.7,4.82,1.6,0.64,0.29,1.13,1.0,10.0,2.52,0.0,0.0,157.0
Jose Alvarado,NOP,PG,70,26.0,10.3,2.43,4.6,1.32,0.25,1.98,1.54,9.3,1.32,0.0,0.0,158.0
Ty Jerome,MEM,PG/SG,70,30.0,12.5,2.47,3.4,1.11,0.04,1.59,1.31,8.83,2.11,0.0,0.0,159.0
Jonas Valančiūnas,DEN,C,70,26.0,10.1,7.61,2.0,0.46,0.56,0.09,1.4,7.51,2.0,0.0,0.0,160.0
Tyus Jones,ORL,PG,70,26.0,10.2,2.42,5.3,0.85,0.1,2.05,1.12,8.43,0.7,0.0,0.0,161.0
Andrew Nembhard,IND,PG/SG,70,26.0,10.0,3.32,5.0,1.22,0.17,0.78,1.72,8.29,2.09,0.0,0.0,162.0
Jusuf Nurkić,UTA,C,70,26.0,8.9,7.83,2.25,0.79,0.67,0.63,1.91,6.89,2.51,0.0,0.0,163.0
Al Horford,GSW,C/PF,70,26.0,9.0,6.15,2.1,0.6,0.85,1.9,0.77,7.68,0.63,0.0,0.0,164.0
Moritz Wagner,ORL,C/PF,70,30.0,12.9,4.93,1.4,0.8,0.4,0.9,1.63,8.3,3.67,0.0,0.0,165.0
Scotty Pippen,MEM,PG/SG,70,26.0,9.9,3.28,4.4,1.3,0.38,1.1,1.75,7.52,2.16,0.0,0.0,166.0
Wendell Carter,ORL,C,70,26.0,9.1,7.24,2.0,0.76,0.6,0.54,1.13,7.22,2.57,0.0,0.0,167.0
Kel'el Ware,MIA,C/PF,70,26.0,9.3,7.39,0.9,0.61,1.11,0.55,0.89,7.25,1.05,0.0,0.0,168.0
Spencer Dinwiddie,,PG/SF/SG,70,26.0,11.0,2.65,4.4,0.89,0.22,1.38,1.29,8.63,3.08,0.0,0.0,169.0
Isaiah Mobley,,PF/SF,70,26.0,6.0,4.0,5.0,1.0,1.0,1.0,0.0,7.0,2.0,0.0,0.0,170.0
Bub Carrington,WAS,PG/SG,70,26.0,9.8,4.16,4.4,0.66,0.26,1.68,1.72,9.12,1.04,0.0,0.0,171.0
Killian Hayes,,PG,70,26.0,9.0,3.0,5.2,0.67,0.67,1.33,1.5,7.17,2.0,0.0,0.0,172.0
Aaron Wiggins,OKC,PF/SF/SG,70,30.0,12.0,3.88,1.8,0.79,0.24,1.71,0.91,9.58,1.17,0.0,0.0,173.0
Tolu Smith,DET,C,70,30.0,14.0,8.0,0.0,0.0,0.0,0.0,2.0,9.0,3.0,0.0,0.0,174.0
Luguentz Dort,OKC,SF/SG,70,26.0,10.1,4.13,1.6,1.11,0.55,2.39,0.72,8.35,0.65,0.0,0.0,175.0
Lonnie Walker,,PF/SF/SG,70,30.0,12.4,3.15,2.5,0.5,0.25,2.25,1.25,10.6,1.5,0.0,0.0,176.0
Aaron Nesmith,IND,SF/SG,70,30.0,12.0,3.96,1.2,0.78,0.38,1.87,0.82,8.42,1.78,0.0,0.0,177.0
Harrison Barnes,SAS,C/PF,70,30.0,12.3,3.78,1.7,0.48,0.17,1.9,0.61,8.33,2.43,0.0,0.0,178.0
Nikola Jović,MIA,PF,70,26.0,10.7,3.91,2.8,0.83,0.28,1.7,1.3,8.2,1.89,0.0,0.0,179.0
Zaccharie Risacher,ATL,PF/SF,70,30.0,12.6,3.57,1.2,0.69,0.49,1.63,1.23,10.39,1.99,0.0,0.0,180.0
Kevin Porter,MIL,PG/SG,70,26.0,10.5,3.75,3.45,1.11,0.15,0.77,1.8,8.61,2.4,0.0,0.0,181.0
Nick Richards,PHX,C,70,26.0,9.2,8.04,0.95,0.26,1.02,0.0,1.45,5.95,3.08,0.0,0.0,182.0
Goga Bitadze,ORL,C,70,26.0,7.2,6.61,2.0,0.7,1.4,0.04,1.03,4.84,1.9,0.0,0.0,183.0
Royce O'Neale,PHX,PF/SF,70,26.0,9.1,4.65,2.2,0.89,0.45,2.39,0.87,7.6,0.35,0.0,0.0,184.0
Isaiah Collier,UTA,PG,70,26.0,8.7,3.31,6.3,0.93,0.23,0.59,2.93,7.82,2.17,0.0,0.0,185.0
Kevin Huerter,CHI,SF/SG,70,26.0,10.55,3.03,2.45,0.99,0.32,2.06,1.0,9.26,0.73,0.0,0.0,186.0
Keon Johnson,,PG/SG,70,26.0,10.6,3.76,2.2,1.04,0.38,1.59,1.47,9.86,1.76,0.0,0.0,187.0
Max Strus,CLE,SF/SG,70,26.0,9.4,4.34,3.2,0.52,0.24,2.26,1.08,7.46,0.68,0.0,0.0,188.0
Kyle Filipowski,UTA,C/PF,70,26.0,9.6,6.11,1.9,0.67,0.31,1.07,1.42,7.19,1.99,0.0,0.0,189.0
Donovan Clingan,POR,C,70,26.0,6.5,7.87,1.1,0.51,1.64,0.21,1.07,4.99,1.55,0.0,0.0,190.0
Cason Wallace,OKC,PG/SG,70,26.0,8.4,3.37,2.5,1.76,0.51,1.09,0.87,7.19,0.54,0.0,0.0,191.0
Day'Ron Sharpe,BKN,C,70,26.0,7.9,6.6,1.8,0.82,0.84,0.22,1.26,6.34,1.48,0.0,0.0,192.0
Brandon Boston,,SF/SG,70,26.0,10.7,3.19,2.2,1.26,0.21,1.17,1.24,9.07,2.02,0.0,0.0,193.0
Kyshawn George,WAS,PG/SF/SG,70,26.0,8.7,4.19,2.5,1.0,0.74,1.68,1.43,8.03,1.37,0.0,0.0,194.0
Justin Champagnie,WAS,PF,70,26.0,8.8,5.66,1.0,1.05,0.63,1.19,0.87,6.63,1.18,0.0,0.0,195.0
Ziaire Williams,BKN,PF/SF/SG,70,26.0,10.0,4.56,1.3,0.98,0.44,1.63,1.06,8.25,1.95,0.0,0.0,196.0
Ochai Agbaji,TOR,PG/SF/SG,70,26.0,10.4,3.78,1.5,0.91,0.47,1.58,0.84,8.34,0.75,0.0,0.0,197.0
Matisse Thybulle,POR,SF/SG,70,26.0,7.5,3.47,1.9,2.2,0.6,1.4,0.87,5.87,1.0,0.0,0.0,198.0
Marcus Bagley,,PF/SF,70,26.0,6.7,7.0,1.0,0.9,1.2,0.5,0.7,6.9,1.0,0.0,0.0,199.0
Mike Conley,MIN,PG,70,26.0,8.2,2.56,4.5,1.11,0.2,1.79,1.06,6.59,1.27,0.0,0.0,200.0
Buddy Hield,GSW,SF/SG,70,26.0,11.1,3.22,1.6,0.84,0.28,2.48,1.11,9.59,0.78,0.0,0.0,201.0
Terry Rozier,MIA,PG,70,26.0,10.6,3.72,2.6,0.58,0.22,1.42,1.22,9.92,1.69,0.0,0.0,202.0
Grayson Allen,PHX,SF/SG,70,26.0,10.6,3.03,2.1,0.84,0.3,2.33,1.17,7.64,1.78,0.0,0.0,203.0
Miles McBride,NYK,PG,70,26.0,9.5,2.52,2.9,1.05,0.27,1.8,0.64,8.55,1.0,0.0,0.0,204.0
Lonzo Ball,CLE,PG/SF/SG,70,26.0,7.6,3.37,3.3,1.34,0.49,1.91,1.17,6.94,0.77,0.0,0.0,205.0
Oscar Tshiebwe,UTA,C,70,26.0,7.6,8.71,0.6,0.93,0.07,0.0,0.71,5.0,2.21,0.0,0.0,206.0
Bogdan Bogdanović,LAC,SF/SG,70,26.0,10.7,2.92,2.6,0.76,0.21,1.93,1.39,9.13,1.25,0.0,0.0,207.0
Kelly Olynyk,SAS,C/PF,70,26.0,8.9,4.78,2.95,0.76,0.44,0.74,1.75,6.21,2.52,0.0,0.0,208.0
T.J. McConnell,IND,PG,70,26.0,9.1,2.44,4.4,1.05,0.27,0.19,1.38,7.9,0.97,0.0,0.0,209.0
Obi Toppin,IND,PF/SF,70,26.0,10.5,4.03,1.6,0.58,0.35,1.39,0.86,7.58,1.44,0.0,0.0,210.0
Anthony Black,ORL,PG/SG,70,26.0,9.4,2.95,3.1,1.1,0.62,0.79,1.78,7.95,2.53,0.0,0.0,211.0
Julian Champagnie,SAS,SF/SG,70,26.0,9.9,3.88,1.4,0.74,0.43,2.17,0.9,8.11,1.15,0.0,0.0,212.0
Davion Mitchell,MIA,PG,70,26.0,8.3,2.33,4.95,1.04,0.23,1.17,1.72,6.64,1.21,0.0,0.0,213.0
Dorian Finney-Smith,HOU,PF/SF,70,26.0,9.15,4.09,1.5,0.92,0.43,2.13,0.89,7.19,0.84,0.0,0.0,214.0
Corey Kispert,WAS,PF/SF,70,26.0,11.6,2.97,1.7,0.43,0.23,1.97,1.05,9.26,1.44,0.0,0.0,215.0
Justin Edwards,PHI,PF/SF,70,26.0,10.1,3.36,1.6,1.02,0.36,1.57,1.11,8.59,1.05,0.0,0.0,216.0
Keion Brooks,,PF/SF,70,26.0,10.1,4.14,0.9,0.71,0.71,1.0,0.86,7.79,2.14,0.0,0.0,217.0
Tosan Evbuomwan,NYK,PF/SF,70,26.0,9.5,4.29,2.0,0.86,0.36,0.86,1.39,7.86,2.61,0.0,0.0,218.0
Andre Drummond,PHI,C,70,26.0,7.3,7.75,0.9,0.98,0.45,0.08,1.38,5.85,2.25,0.0,0.0,219.0
Max Christie,DAL,SF/SG,70,26.0,9.85,3.44,1.95,0.83,0.39,1.51,1.19,7.85,1.96,0.0,0.0,220.0
Nickeil Alexander-Walker,ATL,SF/SG,70,26.0,9.4,3.23,2.7,0.61,0.41,1.72,1.21,7.51,1.44,0.0,0.0,221.0
Duncan Robinson,DET,SF/SG,70,26.0,11.0,2.26,2.4,0.54,0.08,2.57,1.16,8.96,0.72,0.0,0.0,222.0
Gary Trent,MIL,SF/SG,70,26.0,11.1,2.27,1.2,0.97,0.05,2.43,0.57,8.88,1.24,0.0,0.0,223.0
Larry Nance,CLE,C/PF,70,26.0,8.5,4.29,1.6,0.83,0.54,1.42,0.67,6.46,0.54,0.0,0.0,224.0
Chris Boucher,BOS,C/PF,70,26.0,10.0,4.48,0.7,0.48,0.5,1.4,0.58,7.4,1.74,0.0,0.0,225.0
Tre Jones,CHI,PG/SF/SG,70,26.0,7.95,2.65,4.3,0.85,0.23,0.45,0.77,5.69,1.53,0.0,0.0,226.0
Keon Ellis,SAC,PG/SG,70,26.0,8.3,2.65,1.5,1.51,0.79,1.74,0.89,5.8,1.08,0.0,0.0,227.0
Cole Anthony,MIL,PG,70,26.0,9.4,3.04,2.9,0.67,0.48,1.15,1.54,8.1,1.69,0.0,0.0,228.0
Alex Caruso,OKC,PF/SF/SG,70,26.0,7.1,2.94,2.5,1.61,0.56,1.11,0.69,5.81,0.94,0.0,0.0,229.0
Isaiah Jackson,IND,C,70,26.0,7.0,5.6,1.0,0.6,1.6,0.0,1.0,4.6,2.8,0.0,0.0,230.0
Brandon Ingram,TOR,PF/SF/SG,70,26.0,11.1,2.78,2.6,0.45,0.3,1.2,1.92,9.25,1.53,0.0,0.0,231.0
Trendon Watford,PHI,C/PF/SF,70,26.0,10.2,3.64,2.6,0.61,0.27,0.66,1.89,7.95,2.77,0.0,0.0,232.0
Jaylen Wells,MEM,SF/SG,70,26.0,10.4,3.39,1.7,0.56,0.1,1.75,0.87,8.56,1.71,0.0,0.0,233.0
Luke Kennard,ATL,PG/SG,70,26.0,8.9,2.82,3.3,0.77,0.08,1.74,1.11,6.63,0.88,0.0,0.0,234.0
Isaiah Joe,OKC,PG/SF/SG,70,26.0,10.2,2.65,1.6,0.65,0.12,2.59,0.51,7.95,0.76,0.0,0.0,235.0
Patrick Williams,CHI,PF,70,26.0,9.0,3.76,2.0,0.76,0.51,1.52,1.37,8.19,1.32,0.0,0.0,236.0
Jaime Jaquez,MIA,SF/SG,70,26.0,8.6,4.39,2.5,0.92,0.21,0.56,1.48,7.0,2.15,0.0,0.0,237.0
Derrick Jones,LAC,C/PF,70,26.0,10.1,3.42,0.8,1.03,0.43,1.01,0.86,7.65,1.53,0.0,0.0,238.0
Tim Hardaway,DEN,SF/SG,70,26.0,11.0,2.38,1.6,0.49,0.09,2.18,0.62,8.83,1.88,0.0,0.0,239.0
Peyton Watson,DEN,PF/SF,70,26.0,8.1,3.43,1.4,0.71,1.37,0.71,0.82,6.29,2.01,0.0,0.0,240.0
Jordan Hawkins,NOP,PG/SF/SG,70,26.0,10.8,2.82,1.2,0.54,0.41,1.96,1.04,9.93,1.75,0.0,0.0,241.0
Jalen Smith,CHI,C,70,26.0,8.2,5.58,1.0,0.27,0.69,1.13,0.58,6.38,1.39,0.0,0.0,242.0
Kris Dunn,LAC,PG/SG,70,26.0,6.4,3.39,2.8,1.73,0.36,1.01,1.0,5.91,0.3,0.0,0.0,243.0
Robert Williams,POR,C/PF,70,26.0,5.8,5.9,1.1,0.65,1.65,0.05,0.85,3.9,0.85,0.0,0.0,244.0
Brice Sensabaugh,UTA,PF/SF,70,26.0,10.9,2.96,1.5,0.65,0.11,2.21,1.51,8.44,1.03,0.0,0.0,245.0
Marcus Smart,LAL,PG/SG,70,26.0,9.0,2.09,3.1,1.14,0.26,1.43,1.56,7.53,2.11,0.0,0.0,246.0
Brandon Clarke,MEM,C/PF,70,26.0,8.3,5.09,1.0,0.81,0.56,0.02,0.64,5.94,1.36,0.0,0.0,247.0
Jaylin Williams,OKC,C,70,26.0,5.9,5.57,2.6,0.47,0.62,1.3,0.74,4.7,0.64,0.0,0.0,248.0
Georges Niang,UTA,PF,70,26.0,10.4,3.33,1.45,0.36,0.2,2.23,1.07,8.27,0.8,0.0,0.0,249.0
Jared Butler,,PG/SF/SG,70,26.0,9.2,1.87,3.75,0.73,0.22,1.04,1.36,7.7,1.52,0.0,0.0,250.0
Moses Moody,GSW,PF/SF/SG,70,26.0,9.8,2.55,1.3,0.8,0.42,1.7,0.73,7.68,1.8,0.0,0.0,251.0
Kentavious Caldwell-Pope,MEM,SF/SG,70,26.0,8.7,2.19,1.8,1.29,0.44,1.47,0.81,7.06,1.23,0.0,0.0,252.0
Taylor Hendricks,UTA,PF/SF,70,26.0,4.7,5.0,0.7,1.67,1.33,1.0,0.67,6.0,1.33,0.0,0.0,253.0
Isaiah Stewart,DET,C,70,26.0,6.0,5.54,1.7,0.39,1.4,0.24,0.94,4.38,1.21,0.0,0.0,254.0
Taurean Prince,MIL,PF/SF/SG,70,26.0,8.2,3.59,1.9,0.95,0.19,1.84,1.03,6.43,0.6,0.0,0.0,255.0
Karlo Matković,NOP,C/PF,70,26.0,7.7,4.98,1.1,0.52,0.98,0.5,1.02,5.6,1.05,0.0,0.0,256.0
Bruce Brown,DEN,PG/SF/SG,70,26.0,8.3,3.97,2.0,0.84,0.23,0.66,0.97,7.51,1.59,0.0,0.0,257.0
Richaun Holmes,,C,70,26.0,7.4,5.71,1.4,0.29,0.74,0.0,0.68,4.48,1.94,0.0,0.0,258.0
Noah Clowney,BKN,C/PF,70,26.0,9.1,3.93,0.9,0.52,0.46,1.89,1.0,8.09,1.74,0.0,0.0,259.0
Jalen Wilson,BKN,PF/SF/SG,70,26.0,9.5,3.42,1.8,0.51,0.06,1.54,1.0,7.85,2.09,0.0,0.0,260.0
Tyrese Martin,BKN,PG/SF/SG,70,26.0,8.7,3.65,2.0,0.57,0.15,1.65,1.23,7.75,0.97,0.0,0.0,261.0
Precious Achiuwa,MIA,C,70,26.0,6.6,5.56,1.0,0.82,0.74,0.18,0.79,5.74,1.21,0.0,0.0,262.0
Jonathan Mogbo,TOR,C/PF,70,26.0,6.2,4.94,2.3,0.87,0.54,0.27,1.11,5.65,1.3,0.0,0.0,263.0
Luke Kornet,SAS,C,70,26.0,6.0,5.32,1.6,0.49,0.97,0.0,0.42,3.84,1.33,0.0,0.0,264.0
Tristan Vukcevic,WAS,C,70,26.0,9.4,3.71,1.1,0.31,0.66,1.09,1.2,6.91,1.91,0.0,0.0,265.0
KJ Simpson,CHA,PG,70,26.0,7.8,3.03,3.1,0.94,0.17,0.92,1.56,8.36,1.39,0.0,0.0,266.0
Damion Baugh,,PG/SG,70,26.0,7.3,3.33,3.7,1.0,0.13,0.8,2.07,8.67,1.0,0.0,0.0,267.0
Ben Simmons,,PG,70,26.0,4.55,4.52,5.0,0.73,0.43,0.0,1.73,4.04,0.59,0.0,0.0,268.0
Matas Buzelis,CHI,PF/SF,70,26.0,8.6,3.48,1.0,0.36,0.94,1.2,0.93,6.94,1.35,0.0,0.0,269.0
Mitchell Robinson,NYK,C,70,26.0,5.1,5.94,0.8,0.94,1.06,0.0,0.59,3.29,1.12,0.0,0.0,270.0
Caleb Martin,DAL,PF/SF,70,26.0,7.25,3.66,2.05,0.98,0.43,0.68,1.16,6.31,2.05,0.0,0.0,271.0
A.J. Lawson,,PG/SF/SG,70,26.0,9.1,3.31,1.2,0.5,0.23,1.27,0.58,7.31,2.42,0.0,0.0,272.0
Mark Williams,PHX,C,70,26.0,7.65,5.08,1.25,0.36,0.61,0.0,0.81,5.08,1.85,0.0,0.0,273.0
Ja'Kobe Walter,TOR,SF/SG,70,26.0,8.6,3.08,1.6,0.83,0.19,1.25,0.96,7.56,1.6,0.0,0.0,274.0
Nick Smith,LAL,PG/SG,70,26.0,9.9,2.13,2.4,0.28,0.1,1.73,1.37,9.47,0.77,0.0,0.0,275.0
Vít Krejčí,ATL,PF/SF/SG,70,26.0,7.2,2.74,2.6,0.63,0.46,1.58,0.88,5.12,0.79,0.0,0.0,276.0
Sam Hauser,BOS,PF/SF,70,26.0,8.5,3.15,0.9,0.58,0.18,2.34,0.32,6.68,0.15,0.0,0.0,277.0
Cam Whitmore,WAS,PF/SF,70,26.0,9.4,2.96,1.0,0.61,0.25,1.27,0.9,7.9,1.41,0.0,0.0,278.0
Jaxson Hayes,LAL,C/PF,70,26.0,6.8,4.8,1.0,0.55,0.91,0.0,0.77,3.98,1.75,0.0,0.0,279.0
Johnny Juzang,MIN,SF/SG,70,26.0,8.9,2.88,1.1,0.61,0.13,1.84,0.56,7.42,0.83,0.0,0.0,280.0
Trayce Jackson-Davis,GSW,C,70,26.0,6.6,5.02,1.7,0.37,0.61,0.0,0.73,4.87,1.65,0.0,0.0,281.0
Quinten Post,GSW,C,70,26.0,8.1,3.52,1.3,0.38,0.43,1.74,0.79,6.52,0.64,0.0,0.0,282.0
Dalano Banton,,PG,70,26.0,8.3,2.01,2.4,0.64,0.51,1.07,1.28,7.57,1.87,0.0,0.0,283.0
Mouhamed Gueye,ATL,C/PF,70,26.0,6.0,4.21,0.8,0.85,1.0,0.64,0.45,5.18,1.27,0.0,0.0,284.0
Oshae Brissett,,C/PF,70,26.0,8.7,3.67,0.7,0.67,0.5,1.0,1.33,6.5,2.33,0.0,0.0,285.0
Danté Exum,DAL,PG/SF/SG,70,26.0,8.7,1.65,2.8,0.6,0.15,1.15,1.1,6.7,1.55,0.0,0.0,286.0
Terance Mann,BKN,SF/SG,70,26.0,7.9,2.98,1.85,0.7,0.21,0.91,0.71,6.27,1.03,0.0,0.0,287.0
Amir Coffey,MIL,PF/SF,70,26.0,9.7,2.24,1.1,0.56,0.1,1.4,0.63,7.08,1.79,0.0,0.0,288.0
Zach Collins,CHI,C,70,26.0,6.6,4.75,1.75,0.47,0.46,0.52,0.98,4.87,1.25,0.0,0.0,289.0
Josh Okogie,HOU,PF/SF,70,26.0,7.45,2.8,0.95,1.32,0.47,0.85,0.82,5.54,2.4,0.0,0.0,290.0
Jake LaRavia,LAL,PF/SF,70,26.0,6.7,3.6,2.05,0.94,0.29,0.95,1.18,5.09,1.52,0.0,0.0,291.0
Svi Mykhailiuk,UTA,PF/SF/SG,70,26.0,8.8,2.37,2.0,0.5,0.18,1.84,1.37,7.95,0.92,0.0,0.0,292.0
Haywood Highsmith,BKN,PF/SF,70,26.0,6.5,3.41,1.5,0.92,0.5,1.2,0.73,5.28,0.58,0.0,0.0,293.0
Moussa Diabaté,CHA,C/PF,70,26.0,5.7,6.17,0.8,0.65,0.56,0.0,0.86,3.94,1.63,0.0,0.0,294.0
Jamal Shead,TOR,PG,70,26.0,7.1,1.53,4.2,0.77,0.13,0.96,1.56,6.72,0.92,0.0,0.0,295.0
Trey Lyles,,C/PF,70,26.0,6.5,4.58,1.2,0.59,0.33,1.17,0.57,5.42,1.16,0.0,0.0,296.0
Cody Martin,,PF/SF/SG,70,26.0,5.75,3.97,1.7,1.02,0.55,0.62,0.86,5.47,1.06,0.0,0.0,297.0
N'Faly Dante,ATL,C,70,26.0,6.0,5.25,0.5,0.25,1.25,0.0,0.5,3.25,1.25,0.0,0.0,298.0
Jonathan Isaac,ORL,PF,70,26.0,5.4,4.42,0.6,0.86,1.13,0.55,0.46,4.56,1.51,0.0,0.0,299.0
Kyle Anderson,UTA,C,70,26.0,6.0,3.45,2.45,0.64,0.54,0.39,0.62,5.03,1.14,0.0,0.0,300.0
Julian Strawther,DEN,SF/SG,70,26.0,9.0,2.18,1.3,0.6,0.25,1.45,0.88,7.48,1.38,0.0,0.0,301.0
Kevon Looney,NOP,C,70,26.0,4.5,6.08,1.6,0.61,0.49,0.03,0.51,3.66,1.3,0.0,0.0,302.0
Mason Plumlee,CHA,C,70,26.0,4.5,6.15,1.8,0.45,0.64,0.0,0.8,2.73,1.73,0.0,0.0,303.0
Josh Green,CHA,SF/SG,70,26.0,7.4,2.53,1.6,1.09,0.22,1.43,1.03,6.19,1.06,0.0,0.0,304.0
Dru Smith,MIA,PG/SG,70,26.0,6.2,2.57,1.6,1.5,0.43,1.14,1.21,4.36,0.86,0.0,0.0,305.0
Bismack Biyombo,SAS,C,70,26.0,5.1,5.64,1.1,0.57,0.82,0.0,0.96,4.07,0.89,0.0,0.0,306.0
Marcus Garrett,,SG,70,26.0,7.0,1.5,3.3,0.75,0.5,0.75,1.5,6.75,1.0,0.0,0.0,307.0
Brandon Williams,DAL,PG,70,26.0,8.3,1.76,2.3,0.73,0.15,0.73,1.18,5.7,2.0,0.0,0.0,308.0
Ryan Dunn,PHX,PF/SF,70,26.0,6.9,3.61,0.8,0.59,0.54,1.11,0.54,6.45,0.53,0.0,0.0,309.0
Kai Jones,,C,70,26.0,6.8,4.11,0.85,0.48,0.65,0.04,0.52,3.69,1.05,0.0,0.0,310.0
Jeremiah Robinson-Earl,,C/PF,70,26.0,6.3,4.77,1.3,0.59,0.11,0.85,0.77,5.26,0.83,0.0,0.0,311.0
Dean Wade,CLE,PF/SF,70,26.0,5.4,4.22,1.3,0.71,0.34,1.36,0.37,4.59,0.51,0.0,0.0,312.0
Sam Merrill,CLE,SF/SG,70,26.0,7.2,2.21,1.5,0.75,0.2,1.93,0.49,5.97,0.41,0.0,0.0,313.0
Moses Brown,DEN,C,70,26.0,7.5,4.59,0.25,0.61,0.43,0.0,0.96,4.74,1.03,0.0,0.0,314.0
Jordan Goodwin,PHX,PG,70,26.0,5.6,3.86,1.4,1.03,0.38,0.9,0.9,4.97,0.38,0.0,0.0,315.0
Tristan da Silva,ORL,PF/SF,70,26.0,7.2,3.31,1.5,0.45,0.24,1.08,0.76,6.53,0.85,0.0,0.0,316.0
Ron Harper,BOS,PF/SF,70,26.0,4.0,7.0,2.0,0.0,0.0,0.0,0.0,8.0,2.0,0.0,0.0,317.0
Elfrid Payton,,PG/SG,70,26.0,2.7,2.92,5.7,1.0,0.47,0.03,2.03,4.55,0.2,0.0,0.0,318.0
AJ Green,MIL,PG/SG,70,26.0,7.4,2.38,1.5,0.51,0.1,2.12,0.55,5.81,0.37,0.0,0.0,319.0
Vince Williams,MEM,SF/SG,70,26.0,6.6,3.63,2.0,0.44,0.26,0.96,1.22,6.19,0.89,0.0,0.0,320.0
Jacob Toppin,ATL,PF,70,26.0,8.7,2.34,1.15,0.07,0.0,2.5,0.56,6.32,0.0,0.0,0.0,321.0
Cameron Payne,IND,PG/SG,70,26.0,6.9,1.44,2.8,0.54,0.22,1.29,0.72,6.19,0.75,0.0,0.0,322.0
Tidjane Salaün,CHA,C/PF,70,26.0,5.9,4.67,1.2,0.48,0.23,0.97,0.97,5.75,1.57,0.0,0.0,323.0
Kenrich Williams,OKC,C/PF,70,26.0,6.3,3.49,1.4,0.62,0.14,0.96,0.57,5.13,0.57,0.0,0.0,324.0
DaQuan Jeffries,,PF/SF,70,26.0,6.7,2.87,1.1,0.55,0.53,1.17,0.74,6.19,0.64,0.0,0.0,325.0
Garrison Mathews,NYK,SF,70,26.0,7.5,1.85,1.3,0.55,0.32,1.81,0.66,5.47,1.66,0.0,0.0,326.0
Gary Payton,GSW,PG/SF/SG,70,26.0,6.5,2.98,1.3,0.84,0.27,0.5,0.63,4.81,0.61,0.0,0.0,327.0
Alec Burks,,PG/SF/SG,70,26.0,7.3,2.53,1.1,0.57,0.14,1.8,0.59,5.53,1.0,0.0,0.0,328.0
Adem Bona,PHI,C,70,26.0,5.8,4.22,0.5,0.45,1.19,0.0,1.05,3.31,1.72,0.0,0.0,329.0
Collin Gillespie,PHX,PG/SG,70,26.0,5.9,2.36,2.4,0.64,0.15,1.18,0.52,4.79,0.67,0.0,0.0,330.0
Ricky Council,,PG/SF/SG,70,26.0,7.3,2.93,1.3,0.44,0.18,0.75,0.71,6.34,2.1,0.0,0.0,331.0
Jarace Walker,IND,PF/SF,70,26.0,6.1,3.05,1.5,0.72,0.33,1.0,1.04,4.8,0.92,0.0,0.0,332.0
Jeff Dowtin,,PG/SF/SG,70,26.0,7.0,1.46,1.9,0.59,0.29,0.68,0.37,5.61,1.1,0.0,0.0,333.0
Chuma Okeke,,C/PF,70,26.0,4.7,4.07,1.45,0.35,0.46,0.96,0.21,4.11,0.21,0.0,0.0,334.0
Jaden Hardy,DAL,PG/SG,70,26.0,8.7,1.56,1.4,0.49,0.09,1.33,1.44,7.26,1.51,0.0,0.0,335.0
Jarred Vanderbilt,LAL,PF,70,26.0,4.1,5.06,1.1,0.97,0.28,0.25,0.81,3.36,1.0,0.0,0.0,336.0
GG Jackson,MEM,PF/SF,70,26.0,7.2,3.17,1.0,0.41,0.17,1.1,1.07,6.86,1.38,0.0,0.0,337.0
Jamison Battle,TOR,PF/SF,70,26.0,7.1,2.68,0.9,0.29,0.17,1.78,0.46,5.88,0.31,0.0,0.0,338.0
Bol Bol,,C/PF,70,26.0,6.8,2.89,0.6,0.25,0.69,0.89,0.56,5.08,0.72,0.0,0.0,339.0
Tyson Etienne,BKN,PG/SG,70,26.0,7.9,1.29,1.7,0.43,0.14,1.86,1.14,7.43,1.43,0.0,0.0,340.0
Kevin Love,UTA,C/PF,70,26.0,5.3,4.09,1.0,0.65,0.17,1.04,0.61,5.0,1.0,0.0,0.0,341.0
Nae'Qwan Tomlin,CLE,PF/SF,70,26.0,7.2,4.2,0.4,0.0,0.2,0.4,0.4,6.4,2.2,0.0,0.0,342.0
Jay Huff,IND,C,70,26.0,6.9,2.02,0.6,0.25,0.88,1.27,0.53,4.77,0.88,0.0,0.0,343.0
KJ Martin,,PF/SF,70,26.0,6.35,2.9,1.15,0.39,0.49,0.35,0.56,4.75,1.08,0.0,0.0,344.0
Ryan Rollins,MIL,PG/SG,70,26.0,6.2,1.93,1.9,0.75,0.3,0.88,0.95,4.84,0.8,0.0,0.0,345.0
Eric Gordon,PHI,SF/SG,70,26.0,6.8,1.18,1.7,0.67,0.31,1.44,0.72,5.23,1.23,0.0,0.0,346.0
Colin Castleton,ORL,PF/SF,70,26.0,4.87,5.07,1.2,0.28,0.34,0.06,0.74,3.87,1.51,0.0,0.0,347.0
Keaton Wallace,ATL,PG/SG,70,26.0,5.4,1.61,2.6,0.9,0.29,0.87,1.06,5.23,0.35,0.0,0.0,348.0
Thomas Bryant,CLE,C,70,26.0,5.5,3.56,0.65,0.29,0.73,0.68,0.35,4.02,1.02,0.0,0.0,349.0
Isaac Okoro,CHI,PF/SF,70,26.0,6.1,2.36,1.2,0.58,0.29,1.02,0.42,4.85,0.84,0.0,0.0,350.0
Sandro Mamukelashvili,TOR,C/PF,70,26.0,6.3,3.07,0.8,0.36,0.28,0.98,0.43,4.61,0.95,0.0,0.0,351.0
Ajay Mitchell,OKC,PG/SG,70,26.0,6.5,1.89,1.8,0.69,0.11,0.64,0.81,5.11,0.97,0.0,0.0,352.0
Steven Adams,HOU,C,70,26.0,3.9,5.64,1.1,0.38,0.48,0.0,0.93,2.88,1.6,0.0,0.0,353.0
Marcus Sasser,DET,PG,70,26.0,6.6,1.21,2.3,0.65,0.07,1.02,0.95,5.19,0.89,0.0,0.0,354.0
Ben Sheppard,IND,SF/SG,70,26.0,5.3,2.81,1.3,0.6,0.22,1.08,0.35,4.56,0.43,0.0,0.0,355.0
Kyle Lowry,PHI,PG,70,26.0,3.9,1.91,2.7,0.94,0.31,0.83,0.6,3.34,0.94,0.0,0.0,356.0
Gabe Vincent,LAL,PG/SG,70,26.0,6.4,1.28,1.4,0.71,0.18,1.51,0.57,5.83,0.29,0.0,0.0,357.0
Ronald Holland,DET,PF/SF,70,26.0,6.4,2.69,1.0,0.6,0.21,0.44,0.89,5.14,1.51,0.0,0.0,358.0
Mo Bamba,,C,70,26.0,3.55,5.27,0.55,0.16,0.88,0.27,0.47,2.96,0.7,0.0,0.0,359.0
Quenton Jackson,IND,SG,70,26.0,5.8,1.57,1.9,0.75,0.18,0.54,0.57,4.36,1.43,0.0,0.0,360.0
Orlando Robinson,ORL,C,70,26.0,5.1,3.72,1.45,0.36,0.27,0.29,0.86,4.43,1.29,0.0,0.0,361.0
Charles Bassey,ATL,C,70,26.0,4.4,4.22,0.5,0.39,0.83,0.0,0.64,3.25,0.92,0.0,0.0,362.0
Colby Jones,DET,PF/SF/SG,70,26.0,4.9,2.61,1.4,0.79,0.34,0.49,0.68,3.98,1.17,0.0,0.0,363.0
Neemias Queta,BOS,C,70,26.0,5.0,3.81,0.7,0.29,0.68,0.0,0.65,3.27,0.98,0.0,0.0,364.0
Jaylen Sims,,PG/SG,70,26.0,7.0,1.0,2.0,0.5,0.17,1.0,1.33,4.67,2.5,0.0,0.0,365.0
Jared Rhoden,,PF/SF/SG,70,26.0,6.2,2.4,0.95,0.57,0.1,0.6,0.53,4.95,1.25,0.0,0.0,366.0
Simone Fontecchio,MIA,PF/SF,70,26.0,5.9,2.87,0.9,0.41,0.16,1.01,0.72,4.97,1.12,0.0,0.0,367.0
Pat Connaughton,CHA,PF/SF/SG,70,26.0,5.3,2.66,1.7,0.22,0.27,0.63,0.59,4.32,0.76,0.0,0.0,368.0
DeAndre Jordan,,C,70,26.0,3.7,5.07,0.9,0.29,0.48,0.0,0.71,2.5,1.14,0.0,0.0,369.0
Talen Horton-Tucker,,SF/SG,70,26.0,6.5,1.72,1.4,0.36,0.19,0.71,0.69,5.02,1.69,0.0,0.0,370.0
Micah Potter,SAS,C/PF,70,26.0,4.3,4.32,0.8,0.37,0.37,0.82,0.82,3.55,0.53,0.0,0.0,371.0
Javonte Green,DET,SF/SG,70,26.0,4.55,2.89,0.75,0.83,0.33,0.6,0.39,3.99,0.94,0.0,0.0,372.0
Oso Ighodaro,PHX,C/PF,70,26.0,4.2,3.64,1.2,0.46,0.48,0.0,0.64,3.07,0.82,0.0,0.0,373.0
Nicolas Batum,LAC,PF/SF,70,26.0,4.0,2.79,1.1,0.67,0.46,1.13,0.44,3.05,0.27,0.0,0.0,374.0
Antonio Reeves,CHA,PG/SF/SG,70,26.0,6.9,1.43,0.9,0.48,0.09,1.16,0.68,5.64,0.8,0.0,0.0,375.0
Jabari Walker,PHI,C/PF,70,26.0,5.2,3.52,0.6,0.55,0.1,0.47,0.57,3.82,1.18,0.0,0.0,376.0
Paul Reed,DET,C/PF,70,26.0,4.1,2.73,1.0,0.87,0.56,0.18,0.58,3.16,0.93,0.0,0.0,377.0
Seth Curry,GSW,SF/SG,70,26.0,6.5,1.66,0.9,0.4,0.1,1.22,0.47,5.04,0.57,0.0,0.0,378.0
Shake Milton,,PG/SF/SG,70,26.0,5.65,1.83,1.85,0.45,0.07,0.69,0.71,4.52,1.04,0.0,0.0,379.0
Trevelin Queen,,SF/SG,70,26.0,4.9,1.74,1.2,1.0,0.32,0.71,0.71,4.74,0.68,0.0,0.0,380.0
AJ Johnson,WAS,PG/SF/SG,70,26.0,6.0,1.68,2.05,0.32,0.07,0.69,0.99,5.77,0.94,0.0,0.0,381.0
Kessler Edwards,DEN,C/PF,70,26.0,4.2,2.88,1.1,0.48,0.5,0.55,0.4,3.38,0.33,0.0,0.0,382.0
Torrey Craig,,PF/SF,70,26.0,4.8,2.8,0.65,0.28,0.38,1.1,0.23,3.83,0.45,0.0,0.0,383.0
Jock Landale,MEM,C,70,26.0,4.8,3.26,0.9,0.31,0.24,0.26,0.5,3.62,0.95,0.0,0.0,384.0
Kobe Bufkin,BKN,PG,70,26.0,5.3,2.1,1.7,0.3,0.2,0.4,0.8,4.7,1.8,0.0,0.0,385.0
Isaiah Wong,,PG/SG,70,26.0,6.0,1.6,1.4,0.55,0.0,0.65,0.9,5.25,1.7,0.0,0.0,386.0
Jamal Cain,ORL,SF/SG,70,26.0,5.3,2.3,0.6,0.62,0.24,0.7,0.59,4.27,1.35,0.0,0.0,387.0
De'Anthony Melton,GSW,PG/SF/SG,70,26.0,5.15,1.67,1.4,0.58,0.17,1.08,0.83,4.5,0.67,0.0,0.0,388.0
Gui Santos,GSW,PF/SF/SG,70,26.0,4.1,3.07,1.4,0.45,0.18,0.61,0.75,3.2,0.75,0.0,0.0,389.0
Drew Eubanks,SAC,C,70,26.0,4.25,3.48,0.8,0.18,0.57,0.04,0.63,2.98,1.06,0.0,0.0,390.0
Monté Morris,,PG,70,26.0,5.2,1.49,1.6,0.44,0.07,0.69,0.47,4.33,0.93,0.0,0.0,391.0
Daeqwon Plowden,SAC,PF/SF,70,26.0,7.2,1.83,0.3,0.0,0.0,1.5,0.67,4.17,0.33,0.0,0.0,392.0
David Roddy,,PF/SF,70,26.0,4.93,2.42,0.93,0.37,0.21,0.53,0.47,4.7,0.71,0.0,0.0,393.0
Delon Wright,,PG,70,26.0,3.4,1.6,1.95,0.87,0.28,0.52,0.55,3.33,0.63,0.0,0.0,394.0
Reed Sheppard,HOU,PG/SG,70,26.0,4.4,1.5,1.4,0.67,0.33,0.92,0.71,4.6,0.31,0.0,0.0,395.0
Cody Williams,UTA,SF/SG,70,26.0,4.6,2.26,1.2,0.46,0.32,0.7,0.88,5.14,0.8,0.0,0.0,396.0
Aaron Holiday,HOU,PG,70,26.0,5.5,1.26,1.3,0.31,0.18,1.16,0.6,4.32,0.66,0.0,0.0,397.0
Wendell Moore,,PF/SF/SG,70,26.0,4.3,2.7,1.2,0.56,0.14,0.42,0.79,3.63,0.6,0.0,0.0,398.0
Kris Murray,POR,PF/SF,70,26.0,4.2,2.64,1.0,0.51,0.25,0.39,0.62,4.04,0.83,0.0,0.0,399.0
Tony Bradley,IND,C,70,26.0,4.4,3.0,0.4,0.14,0.64,0.07,0.36,3.21,0.43,0.0,0.0,400.0
Jalen Pickett,DEN,PG/SG,70,26.0,4.1,1.45,2.2,0.39,0.1,0.82,0.49,3.67,0.16,0.0,0.0,401.0
Pelle Larsson,MIA,SF/SG,70,26.0,4.6,1.67,1.2,0.58,0.13,0.58,0.44,3.69,1.11,0.0,0.0,402.0
Dalen Terry,CHI,SF/SG,70,26.0,4.5,1.7,1.3,0.6,0.21,0.51,0.73,3.67,0.95,0.0,0.0,403.0
Taze Moore,,PG/SG,70,26.0,3.0,4.0,0.5,1.0,0.0,0.5,1.0,5.0,1.0,0.0,0.0,404.0
Lindy Waters,SAS,PF/SF,70,26.0,4.45,1.76,0.9,0.47,0.17,1.18,0.33,4.26,0.14,0.0,0.0,405.0
Julian Phillips,CHI,PF,70,26.0,4.6,2.14,0.5,0.48,0.25,0.63,0.34,3.63,0.96,0.0,0.0,406.0
Jeff Green,HOU,C/PF/SF,70,26.0,5.4,1.81,0.6,0.19,0.13,0.91,0.28,3.78,0.81,0.0,0.0,407.0
Landry Shamet,NYK,SF/SG,70,26.0,5.7,1.22,0.5,0.46,0.04,1.24,0.44,4.6,0.36,0.0,0.0,408.0
Dariq Whitehead,OKC,PG/SF/SG,70,26.0,5.7,1.45,0.6,0.3,0.05,1.65,0.75,4.8,0.25,0.0,0.0,409.0
Reggie Jackson,,PG/SG,70,26.0,4.4,1.35,1.5,0.52,0.1,0.81,0.55,4.29,0.29,0.0,0.0,410.0
Dominick Barlow,PHI,C/PF,70,26.0,4.2,2.43,0.5,0.26,0.46,0.2,0.14,3.23,0.94,0.0,0.0,411.0
Kylor Kelley,,C,70,26.0,3.15,4.31,0.65,0.17,0.29,0.0,0.56,2.31,1.04,0.0,0.0,412.0
Dario Šarić,SAC,C,70,26.0,3.5,3.13,1.4,0.44,0.06,0.44,0.94,3.63,0.63,0.0,0.0,413.0
John Konchar,MEM,PF/SF/SG,70,26.0,2.4,3.28,0.9,0.65,0.3,0.5,0.35,1.98,0.17,0.0,0.0,414.0
Malachi Flynn,,PG/SG,70,26.0,4.0,1.75,1.8,0.75,0.0,0.25,1.0,3.25,1.5,0.0,0.0,415.0
Elijah Harkless,UTA,SF/SG,70,26.0,3.2,2.1,0.8,1.0,0.1,0.7,0.3,3.5,0.6,0.0,0.0,416.0
Bruno Fernando,,C,70,26.0,3.4,3.0,1.1,0.24,0.53,0.0,0.82,2.88,0.47,0.0,0.0,417.0
Lester Quinones,ORL,PF/SF,70,26.0,5.45,1.33,1.45,0.17,0.11,0.72,1.06,4.89,0.79,0.0,0.0,418.0
Olivier-Maxence Prosper,MEM,C/PF/SF,70,26.0,3.9,2.42,0.8,0.5,0.12,0.23,0.27,3.35,1.46,0.0,0.0,419.0
Devin Carter,SAC,PG/SG,70,26.0,3.8,2.11,1.1,0.58,0.11,0.5,0.5,3.53,1.22,0.0,0.0,420.0
Andre Jackson,MIL,SF/SG,70,26.0,3.4,2.72,1.2,0.51,0.21,0.45,0.87,2.94,0.36,0.0,0.0,421.0
Baylor Scheierman,BOS,PF/SF,70,26.0,3.6,2.1,1.1,0.55,0.06,0.84,0.39,3.55,0.39,0.0,0.0,422.0
Jaylen Clark,MIN,PF/SF/SG,70,26.0,4.1,1.33,0.7,0.9,0.05,0.55,0.2,3.0,0.93,0.0,0.0,423.0
Marvin Bagley,WAS,C,70,26.0,4.25,2.64,0.35,0.27,0.26,0.1,0.33,3.33,1.1,0.0,0.0,424.0
Ousmane Dieng,OKC,C/PF/SF,70,26.0,3.8,2.19,0.8,0.46,0.19,0.62,0.49,3.38,0.43,0.0,0.0,425.0
Duop Reath,POR,C,70,26.0,4.2,2.0,0.6,0.26,0.3,0.74,0.35,3.61,0.48,0.0,0.0,426.0
Cam Spencer,MEM,PG/SF/SG,70,26.0,4.2,1.2,1.4,0.36,0.04,0.76,0.24,3.28,0.76,0.0,0.0,427.0
Rob Dillingham,MIN,PG/SG,70,26.0,4.5,1.02,2.0,0.41,0.02,0.51,1.08,4.31,0.31,0.0,0.0,428.0
Jae'Sean Tate,HOU,PF/SF,70,26.0,3.6,2.25,0.9,0.5,0.13,0.31,0.42,2.85,0.9,0.0,0.0,429.0
Cory Joseph,,PG/SG,70,26.0,3.5,1.48,1.4,0.52,0.08,0.78,0.36,3.08,0.36,0.0,0.0,430.0
Blake Wesley,POR,PG/SG,70,26.0,3.7,1.05,2.0,0.64,0.1,0.29,0.93,3.21,1.05,0.0,0.0,431.0
Lamar Stevens,,PF/SF,70,26.0,4.4,2.24,0.5,0.29,0.18,0.47,0.59,3.71,0.65,0.0,0.0,432.0
Jackson Rowe,GSW,PF/SF,70,26.0,3.7,1.83,0.7,0.67,0.0,0.5,0.17,2.83,1.0,0.0,0.0,433.0
Jevon Carter,CHI,PG/SF/SG,70,26.0,4.3,1.08,1.1,0.36,0.08,0.97,0.31,4.06,0.28,0.0,0.0,434.0
Branden Carlson,OKC,C,70,26.0,3.8,1.69,0.4,0.16,0.66,0.69,0.22,3.03,0.56,0.0,0.0,435.0
Jamaree Bouyea,,PF,70,26.0,3.4,1.0,2.0,0.8,0.4,0.2,1.6,2.4,1.2,0.0,0.0,436.0
Taj Gibson,,C/PF,70,26.0,2.9,3.24,0.6,0.24,0.49,0.03,0.68,2.57,0.54,0.0,0.0,437.0
Miles Norris,,PF/SF,70,26.0,2.3,3.0,0.0,0.67,0.33,0.67,0.0,3.0,0.67,0.0,0.0,438.0
Jericho Sims,MIL,C,70,26.0,2.0,4.08,0.7,0.17,0.45,0.0,0.7,1.48,0.17,0.0,0.0,439.0
JT Thor,,C/PF,70,26.0,3.5,2.25,0.3,0.39,0.44,0.3,0.47,2.83,1.08,0.0,0.0,440.0
Alex Reese,,PF/SF,70,26.0,3.65,2.15,0.15,0.35,0.35,0.54,0.21,2.4,0.43,0.0,0.0,441.0
Terrence Shannon,MIN,PF/SF/SG,70,26.0,4.3,1.47,1.0,0.22,0.16,0.34,0.47,3.56,0.66,0.0,0.0,442.0
Caleb Houstan,ATL,SF/SG,70,26.0,4.1,1.29,0.6,0.38,0.1,1.1,0.22,3.28,0.29,0.0,0.0,443.0
Craig Porter,CLE,PG/SG,70,26.0,3.7,1.31,1.4,0.33,0.29,0.41,0.75,2.75,0.63,0.0,0.0,444.0
Zeke Nnaji,DEN,C/PF,70,26.0,3.2,1.58,0.4,0.44,0.67,0.3,0.25,2.47,0.77,0.0,0.0,445.0
Markieff Morris,,C/PF,70,26.0,3.6,1.51,1.35,0.14,0.2,0.58,0.33,4.57,0.38,0.0,0.0,446.0
Jordan Miller,LAC,SF/SG,70,26.0,4.1,1.57,0.9,0.46,0.14,0.22,0.7,3.62,0.95,0.0,0.0,447.0
Malaki Branham,WAS,PG/SF/SG,70,26.0,5.0,1.09,0.8,0.23,0.04,0.72,0.72,4.04,0.7,0.0,0.0,448.0
Jaylen Nowell,,PG/SG,70,26.0,4.2,1.25,1.15,0.07,0.25,0.5,0.5,4.57,0.69,0.0,0.0,449.0
Cole Swider,,C/PF,70,26.0,3.7,2.06,0.4,0.25,0.13,0.94,0.25,4.88,0.07,0.0,0.0,450.0
Jett Howard,ORL,SF/SG,70,26.0,4.5,1.17,0.7,0.22,0.18,0.92,0.6,4.37,0.38,0.0,0.0,451.0
Jaylon Tyson,CLE,PF/SF,70,26.0,3.6,2.04,0.9,0.28,0.06,0.43,0.55,3.17,0.51,0.0,0.0,452.0
Dalton Knecht,LAL,PF/SF/SG,70,26.0,4.55,1.39,0.4,0.15,0.05,0.82,0.23,3.57,0.54,0.0,0.0,453.0
Yuri Collins,,PG/SG,70,26.0,1.0,1.5,2.0,1.0,0.0,0.0,0.0,1.5,0.0,0.0,0.0,454.0
RayJ Dennis,IND,PG,70,26.0,2.7,1.09,1.3,0.64,0.18,0.55,0.45,3.0,0.18,0.0,0.0,455.0
Vasilije Micić,,PG/SG,70,26.0,3.75,1.41,1.85,0.21,0.0,0.63,1.33,3.79,0.57,0.0,0.0,456.0
Alondes Williams,,PG/SG,70,26.0,5.0,0.0,1.0,0.0,0.0,1.0,0.0,2.0,0.0,0.0,0.0,457.0
Gary Harris,MIL,SF/SG,70,26.0,3.0,1.33,0.6,0.54,0.25,0.75,0.35,2.77,0.25,0.0,0.0,458.0
Dwight Powell,DAL,C,70,26.0,2.1,2.15,1.0,0.33,0.38,0.04,0.33,1.11,0.78,0.0,0.0,459.0
Trey Jemison,NYK,C,70,26.0,2.5,2.76,0.45,0.27,0.4,0.0,0.64,1.96,0.93,0.0,0.0,460.0
Dillon Jones,WAS,C/PF/SF,70,26.0,2.5,2.24,1.1,0.3,0.07,0.3,0.52,2.46,0.52,0.0,0.0,461.0
Christian Koloko,LAL,C,70,26.0,2.4,2.49,0.4,0.22,0.43,0.0,0.32,1.78,0.38,0.0,0.0,462.0
Jaylen Martin,,SF/SG,70,26.0,3.4,1.69,0.65,0.34,0.0,0.4,0.46,3.1,0.39,0.0,0.0,463.0
Patty Mills,,PG/SG,70,26.0,3.75,0.66,0.8,0.39,0.09,0.88,0.51,3.07,0.52,0.0,0.0,464.0
Pete Nance,MIL,PF/SF,70,26.0,2.95,1.63,0.8,0.16,0.17,0.7,0.34,2.49,0.14,0.0,0.0,465.0
Emoni Bates,,PF/SF,70,26.0,3.7,0.7,0.8,0.1,0.1,1.1,0.2,3.8,0.0,0.0,0.0,466.0
Jae Crowder,,PF,70,26.0,2.6,2.22,0.7,0.33,0.0,0.44,0.44,2.44,0.67,0.0,0.0,467.0
Tristan Thompson,,C,70,26.0,1.7,3.35,0.6,0.05,0.28,0.0,0.35,1.78,0.75,0.0,0.0,468.0
Daniel Theis,,C,70,26.0,2.15,2.16,0.8,0.23,0.27,0.12,0.33,1.7,0.48,0.0,0.0,469.0
Markelle Fultz,,PG/SG,70,26.0,2.9,0.95,1.3,0.48,0.1,0.19,0.71,3.19,0.05,0.0,0.0,470.0
Jalen Hood-Schifino,,PF/SF/SG,70,26.0,3.27,0.83,1.1,0.13,0.32,0.36,0.6,2.65,0.82,0.0,0.0,471.0
Keshad Johnson,MIA,C/PF,70,26.0,2.7,1.75,0.3,0.31,0.25,0.19,0.25,1.63,0.56,0.0,0.0,472.0
Kevin Knox,,PF/SF,70,26.0,3.3,1.21,0.4,0.14,0.29,0.29,0.29,2.57,0.57,0.0,0.0,473.0
Maxwell Lewis,,PF/SF/SG,70,26.0,2.95,1.41,0.55,0.26,0.17,0.45,0.43,2.86,0.24,0.0,0.0,474.0
Pat Spencer,GSW,PG/SF/SG,70,26.0,2.5,1.18,1.2,0.36,0.08,0.13,0.46,2.59,0.38,0.0,0.0,475.0
Isaac Jones,SAC,C/PF,70,26.0,3.4,1.43,0.3,0.13,0.25,0.08,0.4,2.08,0.9,0.0,0.0,476.0
Luka Garza,BOS,C,70,26.0,3.5,1.38,0.3,0.15,0.08,0.26,0.31,2.69,0.9,0.0,0.0,477.0
Garrett Temple,TOR,PG/SG,70,26.0,1.9,1.04,1.1,0.61,0.07,0.21,0.36,2.14,0.43,0.0,0.0,478.0
Rayan Rupert,POR,PG/SF/SG,70,26.0,3.0,1.35,0.5,0.31,0.08,0.31,0.58,2.73,0.58,0.0,0.0,479.0
Reece Beekman,ORL,PG,70,26.0,1.85,0.81,1.15,0.72,0.03,0.1,0.31,1.81,0.31,0.0,0.0,480.0
Tyler Kolek,NYK,PG,70,26.0,2.0,0.66,1.7,0.29,0.1,0.34,0.44,2.0,0.41,0.0,0.0,481.0
Hunter Tyson,DEN,PF/SF,70,26.0,2.6,1.53,0.4,0.2,0.12,0.45,0.27,2.35,0.55,0.0,0.0,482.0
Nate Williams,LAL,PG/SF/SG,70,26.0,3.3,0.65,0.5,0.4,0.2,0.3,0.7,3.1,0.4,0.0,0.0,483.0
Josh Minott,BOS,PF,70,26.0,2.6,1.02,0.4,0.33,0.26,0.3,0.24,1.96,0.41,0.0,0.0,484.0
Vlatko Čančar,,C/PF,70,26.0,1.8,2.46,0.7,0.23,0.15,0.31,0.85,2.0,0.0,0.0,0.0,485.0
Kevin McCullar,NYK,PG/SG,70,26.0,1.5,2.0,0.5,0.25,0.25,0.0,0.0,1.75,0.5,0.0,0.0,486.0
Johnny Furphy,IND,SF/SG,70,26.0,2.1,1.42,0.4,0.36,0.22,0.3,0.24,1.84,0.44,0.0,0.0,487.0
Doug McDermott,SAC,PF/SF,70,26.0,3.5,0.52,0.2,0.1,0.05,1.05,0.14,2.79,0.12,0.0,0.0,488.0
Drew Peterson,CHA,PF/SF,70,26.0,2.2,1.6,0.5,0.2,0.08,0.52,0.32,1.64,0.36,0.0,0.0,489.0
Jordan McLaughlin,SAS,PG,70,26.0,2.2,0.63,1.2,0.34,0.03,0.43,0.34,1.56,0.45,0.0,0.0,490.0
Ariel Hukporti,NYK,C,70,26.0,1.9,2.04,0.4,0.04,0.6,0.0,0.84,1.24,0.52,0.0,0.0,491.0
Damion Lee,,SF/SG,70,26.0,3.3,0.8,0.4,0.24,0.0,0.36,0.4,2.96,0.84,0.0,0.0,492.0
Bones Hyland,MIN,PG/SG,70,26.0,2.83,0.48,0.8,0.3,0.07,0.6,0.48,2.17,0.43,0.0,0.0,493.0
Tyler Smith,MIL,C/PF,70,26.0,2.9,1.09,0.2,0.13,0.17,0.57,0.35,2.17,0.35,0.0,0.0,494.0
Phillip Wheeler,ORL,PF/SF,70,26.0,1.6,1.6,0.4,0.2,0.4,0.0,0.2,4.2,0.4,0.0,0.0,495.0
Mason Jones,,SF,70,26.0,2.3,0.9,1.1,0.0,0.1,0.1,0.1,1.8,0.5,0.0,0.0,496.0
Patrick Baldwin,LAC,SF,70,26.0,2.55,1.25,0.3,0.07,0.04,0.75,0.12,1.25,0.09,0.0,0.0,497.0
David Duke,,SF/SG,70,26.0,2.7,0.83,0.7,0.17,0.0,0.5,0.33,2.33,0.33,0.0,0.0,498.0
MarJon Beauchamp,PHI,PF,70,26.0,2.83,1.24,0.4,0.1,0.01,0.37,0.33,1.99,0.82,0.0,0.0,499.0
Bobi Klintman,DET,PF/SF,70,26.0,1.9,0.88,0.9,0.25,0.13,0.25,0.13,1.25,0.25,0.0,0.0,500.0
Kobe Brown,LAC,C/PF,70,26.0,1.9,1.63,0.6,0.18,0.1,0.15,0.3,1.8,0.18,0.0,0.0,501.0
TyTy Washington,,PG/SG,70,26.0,2.2,0.81,1.0,0.19,0.0,0.25,0.19,2.81,0.38,0.0,0.0,502.0
Bronny James,LAL,PG/SG,70,26.0,2.3,0.67,0.8,0.33,0.11,0.33,0.48,2.48,0.52,0.0,0.0,503.0
Anthony Gill,WAS,PF/SF,70,26.0,2.5,1.29,0.3,0.18,0.04,0.2,0.2,1.73,0.98,0.0,0.0,504.0
Josh Richardson,,PG/SG,70,26.0,2.0,0.75,0.75,0.5,0.07,0.38,0.5,2.38,0.25,0.0,0.0,505.0
Armel Traore,,PF/SF,70,26.0,1.6,1.67,0.1,0.44,0.22,0.0,0.33,2.11,0.78,0.0,0.0,506.0
Harrison Ingram,SAS,PF/SF,70,26.0,0.8,1.8,0.6,0.6,0.0,0.0,0.2,0.8,0.0,0.0,0.0,507.0
Enrique Freeman,MIN,C/PF,70,26.0,2.1,1.36,0.4,0.14,0.14,0.05,0.27,1.68,0.86,0.0,0.0,508.0
Jaden Springer,NOP,PG,70,26.0,1.83,0.97,0.6,0.39,0.07,0.19,0.29,1.53,0.6,0.0,0.0,509.0
Cam Reddish,,PF/SF,70,26.0,1.6,1.0,0.35,0.5,0.15,0.2,0.18,1.43,0.4,0.0,0.0,510.0
Maxi Kleber,LAL,C/PF,70,26.0,1.5,1.4,0.65,0.13,0.25,0.19,0.34,1.41,0.31,0.0,0.0,511.0
Josh Christopher,,PG/SF/SG,70,26.0,2.0,0.64,0.6,0.36,0.21,0.14,0.43,2.21,0.43,0.0,0.0,512.0
Jordan Walsh,BOS,SF/SG,70,26.0,1.6,1.33,0.4,0.23,0.21,0.29,0.33,1.6,0.23,0.0,0.0,513.0
Chris Duarte,,SF/SG,70,26.0,2.1,1.18,0.5,0.0,0.0,0.35,0.06,1.53,0.47,0.0,0.0,514.0
JD Davison,HOU,PG/SG,70,26.0,2.1,0.81,0.8,0.31,0.06,0.25,0.81,2.13,0.44,0.0,0.0,515.0
Alex Len,NYK,C,70,26.0,1.2,1.63,0.53,0.11,0.27,0.04,0.4,1.11,0.25,0.0,0.0,516.0
Cam Christie,LAC,SF/SG,70,26.0,1.4,0.92,0.5,0.38,0.08,0.15,0.15,1.85,0.31,0.0,0.0,517.0
Emanuel Miller,CHI,PF/SF,70,26.0,1.7,1.33,0.3,0.17,0.0,0.0,0.0,1.33,0.33,0.0,0.0,518.0
Alex Ducas,,PF/SF,70,26.0,1.7,1.24,0.2,0.24,0.0,0.48,0.19,1.43,0.1,0.0,0.0,519.0
Adama Sanogo,,PF/SF,70,26.0,2.0,1.5,0.3,0.0,0.0,0.0,0.25,1.75,0.0,0.0,0.0,520.0
Adam Flagler,SAS,PG/SF/SG,70,26.0,1.8,0.73,0.3,0.22,0.08,0.38,0.11,2.59,0.05,0.0,0.0,521.0
Pacôme Dadiet,NYK,PF,70,26.0,1.7,1.0,0.3,0.17,0.11,0.33,0.22,1.72,0.33,0.0,0.0,522.0
James Wiseman,IND,C,70,26.0,3.0,0.5,0.0,0.0,0.0,0.0,0.0,2.0,1.0,0.0,0.0,523.0
Chris Livingston,,PF/SF,70,26.0,1.4,1.67,0.2,0.24,0.0,0.0,0.29,1.29,0.76,0.0,0.0,524.0
PJ Hall,MEM,C,70,26.0,1.7,1.16,0.2,0.0,0.21,0.11,0.11,1.26,0.21,0.0,0.0,525.0
Jahmir Young,MIA,PG/SG,70,26.0,1.8,0.5,1.0,0.0,0.0,0.17,0.17,0.83,0.33,0.0,0.0,526.0
Yuki Kawamura,,PG,70,26.0,1.6,0.55,0.9,0.09,0.0,0.32,0.23,1.36,0.41,0.0,0.0,527.0
Spencer Jones,DEN,SF/SG,70,26.0,1.3,0.85,0.3,0.25,0.25,0.05,0.25,1.7,0.15,0.0,0.0,528.0
E.J. Liddell,BKN,C,70,26.0,1.8,0.75,0.3,0.08,0.08,0.25,0.17,1.25,0.17,0.0,0.0,529.0
Luke Travers,CLE,PF/SF,70,26.0,1.0,1.67,0.7,0.08,0.08,0.0,0.67,1.67,0.17,0.0,0.0,530.0
Xavier Tillman,BOS,C/PF,70,26.0,1.0,1.3,0.2,0.33,0.15,0.15,0.42,1.61,0.12,0.0,0.0,531.0
D.J. Carton,,PG/SG,70,26.0,0.8,1.0,0.8,0.5,0.0,0.0,1.0,1.75,0.25,0.0,0.0,532.0
Jack McVeigh,,PF,70,26.0,1.6,0.56,0.1,0.0,0.22,0.44,0.22,1.89,0.0,0.0,0.0,533.0
Braxton Key,MEM,PF/SF,70,26.0,1.0,0.67,0.0,0.67,0.0,0.0,0.33,1.33,2.0,0.0,0.0,534.0
Leonard Miller,MIN,PF,70,26.0,1.5,0.85,0.0,0.15,0.08,0.0,0.15,1.15,0.62,0.0,0.0,535.0
Joe Ingles,MIN,PF/SF,70,26.0,0.8,0.58,1.2,0.11,0.0,0.16,0.47,1.21,0.0,0.0,0.0,536.0
Sidy Cissoko,POR,C,70,26.0,1.1,0.93,0.73,0.09,0.07,0.06,0.64,1.15,0.32,0.0,0.0,537.0
Skal Labissière,,C/PF,70,26.0,1.3,0.75,0.3,0.0,0.0,0.25,0.0,1.0,0.0,0.0,0.0,538.0
Johnny Davis,,PG/SG,70,26.0,1.2,0.56,0.15,0.22,0.09,0.1,0.1,1.15,0.22,0.0,0.0,539.0
Trey Alexander,NOP,PG/SG,70,26.0,1.3,0.5,0.5,0.08,0.04,0.13,0.21,1.71,0.17,0.0,0.0,540.0
Jazian Gortman,,PG/SG,70,26.0,1.5,0.31,0.4,0.13,0.06,0.25,0.31,1.44,0.25,0.0,0.0,541.0
Stanley Umude,SAS,C/PF/SF,70,26.0,0.7,0.77,0.2,0.14,0.27,0.14,0.14,1.18,0.18,0.0,0.0,542.0
Justin Minaya,,SF,70,26.0,0.9,0.53,0.4,0.32,0.05,0.11,0.26,1.11,0.11,0.0,0.0,543.0
Matt Ryan,NYK,PF/SF/SG,70,26.0,1.5,0.42,0.2,0.11,0.0,0.32,0.16,1.63,0.11,0.0,0.0,544.0
Trentyn Flowers,CHI,SF/SG,70,26.0,1.8,0.67,0.0,0.0,0.0,0.0,0.17,1.83,0.5,0.0,0.0,545.0
PJ Dozier,,PF/SF/SG,70,26.0,0.8,0.56,0.6,0.11,0.0,0.22,0.11,0.33,0.67,0.0,0.0,546.0
Mac McClung,,PG,70,20.0,0.0,0.5,1.5,0.0,0.0,0.0,0.0,1.0,0.0,0.0,0.0,547.0
Jahlil Okafor,,C/PF,70,20.0,0.0,1.0,1.0,0.0,0.0,0.0,0.0,0.0,0.0,0.0,0.0,548.0
Terence Davis,,SF/SG,70,20.0,0.0,1.0,1.0,0.0,0.0,0.0,0.0,2.0,0.0,0.0,0.0,549.0
Ulrich Chomche,,C,70,26.0,0.7,1.14,0.3,0.0,0.14,0.0,0.29,0.71,0.29,0.0,0.0,550.0
Riley Minix,SAS,PG/SF/SG,70,20.0,0.0,2.0,0.0,0.0,0.0,0.0,0.0,1.0,0.0,0.0,0.0,551.0
Liam Robbins,,PF/SF,70,26.0,0.7,0.92,0.2,0.15,0.15,0.0,0.46,0.62,0.77,0.0,0.0,552.0
Isaiah Crawford,HOU,PF/SF,70,26.0,0.9,0.53,0.1,0.07,0.13,0.07,0.07,0.73,0.27,0.0,0.0,553.0
Quincy Olivari,,PG/SG,70,26.0,1.5,0.0,0.5,0.0,0.0,0.5,0.5,2.5,0.0,0.0,0.0,554.0
P.J. Tucker,,PF,70,26.0,0.75,0.67,0.0,0.08,0.08,0.25,0.08,0.58,0.0,0.0,0.0,555.0
Daniss Jenkins,DET,PG/SG,70,26.0,1.0,0.29,0.4,0.0,0.0,0.14,0.14,1.43,0.29,0.0,0.0,556.0
James Johnson,,PF,70,26.0,0.7,0.5,0.3,0.0,0.17,0.0,0.33,0.92,0.08,0.0,0.0,557.0
Tristen Newton,MIN,PG,70,26.0,0.3,0.67,0.25,0.17,0.0,0.0,0.27,0.94,0.1,0.0,0.0,558.0
Isaiah Stevens,SAC,PG,70,20.0,0.0,0.67,0.0,0.33,0.0,0.0,0.0,0.67,0.0,0.0,0.0,559.0
Bryce McGowens,NOP,PG/SG,70,26.0,1.0,0.23,0.2,0.08,0.0,0.0,0.31,1.08,0.46,0.0,0.0,560.0
Jalen Bridges,,PF/SF,70,26.0,1.1,0.5,0.0,0.0,0.0,0.25,0.5,0.88,0.5,0.0,0.0,561.0
Terry Taylor,,C/PF/SF,70,20.0,0.0,0.33,0.7,0.0,0.0,0.0,0.0,0.33,0.0,0.0,0.0,562.0
Yongxi Cui,,PG/SG,70,26.0,0.6,0.4,0.0,0.0,0.0,0.0,0.0,1.4,0.4,0.0,0.0,563.0
Malevy Leons,OKC,PF/SF,70,26.0,0.3,0.5,0.2,0.0,0.0,0.0,0.17,0.33,0.67,0.0,0.0,564.0
Jalen McDaniels,,SF/SG,70,20.0,0.0,0.0,0.3,0.25,0.0,0.0,0.0,0.0,0.0,0.0,0.0,565.0
Anton Watson,LAL,PF/SF,70,26.0,0.45,0.17,0.1,0.06,0.0,0.0,0.11,0.5,0.0,0.0,0.0,566.0
Daishen Nix,,PG,70,26.0,0.15,0.67,0.5,0.0,0.0,0.0,0.67,0.17,0.34,0.0,0.0,567.0
Jesse Edwards,,C,70,20.0,0.0,0.0,0.5,0.0,0.0,0.0,0.0,0.0,0.0,0.0,0.0,568.0
